,0,1,2
0,0.15021671826625388,0.0,0.08
1,0.20162907268170427,0.0,0.08
2,0.20473710317460317,0.0,0.08
3,0.2106490478041197,0.0,0.08
4,0.2411452184179457,0.0,0.08
5,0.20797720797720798,0.0,0.08
6,0.17749869178440608,0.00031969309462915604,0.08
7,0.14111218257794922,0.0005107252298263534,0.08
8,0.1315018315018315,0.0,0.08
9,0.0,0.0,0.08
10,0.14598360655737705,0.0,0.08
11,0.1443626630980261,0.0,0.08
12,0.21844572664983772,0.0,0.08
13,0.272829417773238,0.0,0.08
14,0.29601328903654484,0.04681372549019608,0.08
15,0.2727174148774669,0.032547169811320754,0.08
16,0.21931818181818183,0.010745313214449017,0.08
17,0.17901756363294824,0.0,0.08
18,0.1672824302134647,0.0,0.08
19,0.19200470311581422,0.0,0.08
20,0.20491289635292642,0.0,0.08
21,0.21947267638827514,0.0,0.08
22,0.2042312177244711,0.0,0.08
23,0.21511627906976744,0.0,0.08
24,0.23903846153846153,0.0,0.08
25,0.22776183644189382,0.0,0.08
26,0.23776223776223776,0.0,0.08
27,0.24277347440015115,0.0,0.08
28,0.23081052066559313,0.0,0.08
29,0.24340120663650075,0.0,0.08
30,0.22693661971830986,0.0,0.08
31,0.2034108527131783,0.0,0.08
32,0.20810810810810812,0.0,0.08
33,0.21209302325581394,0.0,0.08
34,0.20329411764705882,0.0440084835630965,0.08
35,0.17119565217391305,0.044387755102040814,0.08
36,0.131430584918957,0.006142506142506142,0.08
37,0.15791615791615793,0.00027277686852154935,0.08
38,0.1941699604743083,0.0,0.08
39,0.1955702600863891,0.0,0.08
40,0.18998513563730954,0.0,0.08
41,0.2430900070871722,0.0,0.08
42,0.3240506329113924,0.0,0.08
43,0.3380392156862745,0.0,0.08
44,0.26756376153966516,0.0,0.08
45,0.1984819734345351,0.0,0.08
46,0.19318181818181818,0.0,0.08
47,0.1821978021978022,0.0,0.08
48,0.18681193962092837,0.0,0.08
49,0.21038120354830975,0.0,0.08
50,0.21467556094602788,0.0028957528957528956,0.08
51,0.22878883956880153,0.00398505603985056,0.08
52,0.21688988095238096,0.0,0.08
53,0.22297817715019255,0.0,0.08
54,0.22105263157894736,0.007605388961321164,0.08
55,0.23266129032258065,0.009322033898305085,0.08
56,0.23315639036341365,0.008130081300813009,0.08
57,0.23111474071049407,0.005921993056973657,0.08
58,0.22981451172940534,0.007328833172613307,0.08
59,0.23145850565205403,0.005251312828207052,0.08
60,0.2342156051833471,0.007312288211164615,0.08
61,0.2375776397515528,0.005208333333333333,0.08
62,0.2419908466819222,0.0020512820512820513,0.08
63,0.24609600925390399,0.0,0.08
64,0.23941276115189158,0.0,0.08
65,0.23983625070581593,0.0,0.08
66,0.23711772098868872,0.0,0.08
67,0.2408036219581211,0.0,0.08
68,0.2448512585812357,0.0,0.08
69,0.24499427917620137,0.0,0.08
70,0.24470823798627003,0.0,0.11203576351681054
71,0.2448512585812357,0.0,0.11239594839930662
72,0.24456521739130435,0.0,0.11272784935111248
73,0.24499427917620137,0.0,0.11301405961254649
74,0.2553846153846154,0.0,0.1131327212539354
75,0.253040293040293,0.0,0.11350824696279443
76,0.2437070938215103,0.0,0.11405731953731507
77,0.2387934645999162,0.0,0.11486707417724958
78,0.23893310990085184,0.0,0.11576233483057476
79,0.2387934645999162,0.0,0.11653575031426258
80,0.2378324844368987,0.0,0.11566079589684723
81,0.23611494888090634,0.0,0.11508454893178156
82,0.23076923076923078,0.0,0.1150904300629199
83,0.22913256955810146,0.0,0.11550805511229618
84,0.2300872885979269,0.0,0.1160314289321667
85,0.22753036437246962,0.0008823529411764706,0.11633482905048197
86,0.22939166097060834,0.004766318019330067,0.11657853807245706
87,0.22898154477101845,0.006310013717421125,0.11671036208995843
88,0.23487151146725616,0.003176043557168784,0.11699216490079138
89,0.23333333333333334,0.001911436763300414,0.11715990232601527
90,0.23036006546644844,0.0014534883720930232,0.11709969476184927
91,0.22834008097165992,0.0008188666885031117,0.11711133735533484
92,0.2263621794871795,0.0008188666885031117,0.11702316075878022
93,0.2268041237113402,0.0006820119352088661,0.11689576626916688
94,0.2247596153846154,0.0005190311418685121,0.11684966731800764
95,0.22102029914529914,0.0005129958960328317,0.11666743472138122
96,0.2190137130801688,0.0005347593582887701,0.11660586682738244
97,0.2198048523206751,0.00142602495543672,0.11675436703207356
98,0.21391752577319587,0.002427637721755369,0.11682300916029725
99,0.20579896907216494,0.0058695287606909275,0.11681947144843927
100,0.205761316872428,0.00808015513897867,0.11654062870511636
101,0.2013491154384625,0.005475040257648953,0.11646763494195102
102,0.20022399203583874,0.0003663003663003663,0.11699277828645664
103,0.2024138798089012,0.0,0.11736131949499183
104,0.20604674796747968,0.0,0.11746029272410159
105,0.19869906725576827,0.0,0.11748636611717975
106,0.19754464285714285,0.0,0.11748636611717975
107,0.19573934837092732,0.001791044776119403,0.11754924326309422
108,0.19987163029525032,0.0,0.11754924326309422
109,0.20161497052037938,0.0,0.11754924326309422
110,0.1995642143040246,0.0,0.11754924326309422
111,0.19617527862208714,0.0,0.11754924326309422
112,0.20234955646128028,0.0,0.11754924326309422
113,0.21117052881758763,0.0,0.11754924326309422
114,0.21475719000471477,0.0,0.11754924326309422
115,0.22878048780487806,0.0,0.11754924326309422
116,0.25317139001349526,0.0,0.11754924326309422
117,0.25515838419064224,0.0,0.11754924326309422
118,0.2844155844155844,0.0,0.11754924326309422
119,0.33615384615384614,0.015500628403854211,0.11845394715868195
120,0.39782082324455204,0.0209242811982538,0.11924306775477707
121,0.40166666666666667,0.0,0.11924306775477707
122,0.4139344262295082,0.0408695652173913,0.12021610755278228
123,0.4192679092746463,0.03902216823565138,0.12180549351920421
124,0.42596216568819306,0.025435073627844713,0.1239131207348834
125,0.3959435626102293,0.019762845849802372,0.12556424652336884
126,0.3194444444444444,0.018656716417910446,0.12644197373381635
127,0.31584362139917693,0.028273809523809524,0.12740413548700566
128,0.3145833333333333,0.019408284023668638,0.12817087126313997
129,0.34978456717587153,0.010562571756601608,0.12916304349037536
130,0.3633262260127932,0.0,0.13021545592575307
131,0.285385500575374,0.007451564828614009,0.13067957026326948
132,0.24859375,0.0019286403085824494,0.1307946750285055
133,0.2515625,0.000950344499881207,0.1308862162877169
134,0.23809523809523808,0.0008960573476702509,0.13085459397403376
135,0.24485431702753274,0.024322169059011165,0.13106404695197826
136,0.29768518518518516,0.060849598163030996,0.1320010367360975
137,0.20086175284195087,0.0,0.1320010367360975
138,0.1771091811414392,0.0,0.1320010367360975
139,0.15592225889255593,0.0,0.1320010367360975
140,0.24132172253369916,0.0,0.13201694474761258
141,0.2659246575342466,0.0,0.1322343481378495
142,0.17334054834054835,0.0,0.131702871699115
143,0.0,0.043173535183627695,0.131702871699115
144,0.0,0.04931801384129544,0.131702871699115
145,0.0,0.048257023933402705,0.131702871699115
146,0.13299145299145299,0.04735949612403101,0.13119909942542635
147,0.0,0.12522045855379188,0.13119909942542635
148,0.0,0.10401606425702811,0.13119909942542635
149,0.12056992337164751,0.0,0.13016342163201314
150,0.1478473690065636,0.0,0.12935386404726615
151,0.18153778365278694,0.0,0.1288274435944871
152,0.2058693733451015,0.0,0.12850259455085267
153,0.2069767441860465,0.008093355919442876,0.1282568019068042
154,0.21398446170921198,0.015572390572390573,0.12812815668268254
155,0.21968114348543155,0.014730639730639731,0.12795338308127802
156,0.2226215644820296,0.010190217391304348,0.12778481215488668
157,0.2248062015503876,0.01796875,0.12777704430262732
158,0.23266289545359312,0.038899694359544316,0.12805012034607083
159,0.23118393234672305,0.0,0.12805012034607083
160,0.2566831683168317,0.0,0.12805012034607083
161,0.19891391794046662,0.0,0.12805012034607083
162,0.16644076985632963,0.0,0.12805012034607083
163,0.20934579439252338,0.0,0.12805012034607083
164,0.17598269022719076,0.0,0.12805012034607083
165,0.1797628894403088,0.0,0.12805012034607083
166,0.19860309747950197,0.0,0.12805012034607083
167,0.2187192118226601,0.0,0.12805012034607083
168,0.23404012767897855,0.0,0.12805012034607083
169,0.26504435387197317,0.0,0.12805012034607083
170,0.2584049613752584,0.0,0.12805012034607083
171,0.23042052469135801,0.0,0.12805012034607083
172,0.20110192837465565,0.0,0.12805012034607083
173,0.18440913604766634,0.0,0.12805012034607083
174,0.1832759362892811,0.0,0.12805012034607083
175,0.0,0.08974541317024605,0.12805012034607083
176,0.0,0.03264367816091954,0.12805012034607083
177,0.14288101604278075,0.01227390180878553,0.12735196874566013
178,0.14005143792377836,0.004485049833887043,0.12656649393864136
179,0.14579786410772327,0.002222982216142271,0.12581806362103276
180,0.1616233254531127,0.009233926128590971,0.12527424947687274
181,0.18262137587922456,0.008912655971479501,0.124947289485885
182,0.2367378384327537,0.01647058823529412,0.12514792162846788
183,0.32413563829787234,0.06179138321995465,0.12644658606946704
184,0.36149425287356324,0.0,0.12644658606946704
185,0.3593355761143818,0.0,0.12644658606946704
186,0.3543062200956938,0.0,0.12644658606946704
187,0.3175469227411611,0.0,0.12644658606946704
188,0.3240348692403487,0.0,0.12644658606946704
189,0.3110254083484574,0.0,0.12644658606946704
190,0.3573943661971831,0.0,0.12644658606946704
191,0.35960591133004927,0.03380364491475603,0.1278215597272267
192,0.3549636803874092,0.030479680213191206,0.1290822712406489
193,0.33982974910394265,0.028716216216216218,0.13019272463091322
194,0.2737835875090777,0.03352559480894016,0.13076990485835982
195,0.28145941921072226,0.028858447488584474,0.13139551399671542
196,0.28862182593525876,0.022727272727272728,0.13205831020358202
197,0.30446355446355444,0.031230863441518677,0.13294610578895627
198,0.30128205128205127,0.035818713450292396,0.13386210344359512
199,0.4036836403033586,0.05043859649122807,0.13575073761982875
200,0.4287878787878788,0.028095091077493053,0.13768077364765283
201,0.39496753246753247,0.018728222996515678,0.1392821274845088
202,0.29874249461878327,0.04373678646934461,0.14030655088992272
203,0.27367424242424243,0.07761849412372465,0.14139039971718817
204,0.2716081718177056,0.12087912087912088,0.14285825079387046
205,0.22408196388719823,0.12283950617283951,0.14398535889576364
206,0.2406178726933444,0.10284237726098192,0.1450655153786213
207,0.23119300911854104,0.09062702003878474,0.14602381432413142
208,0.2456239412761152,0.07531492897346556,0.14702671913952678
209,0.27348178137651824,0.07701612903225806,0.14826075272785907
210,0.3061032863849765,0.16129032258064516,0.15043864323617692
211,0.32233568997119666,0.1606425702811245,0.1528076365111482
212,0.3434965034965035,0.16996148908857509,0.15544036650646512
213,0.3443181818181818,0.13468431210366694,0.15650160000116636
214,0.3288912579957356,0.15133002418225786,0.1570139014822929
215,0.3135593220338983,0.1416575392479007,0.15701734206425041
216,0.30361554008533576,0.11547619047619048,0.15669068917301063
217,0.32323232323232326,0.10086580086580087,0.1564631965461947
218,0.2736787022501308,0.031504065040650404,0.1555421662031176
219,0.23919753086419754,0.019671504965622612,0.15488189849451311
220,0.22279411764705884,0.008142605633802816,0.15393872593082875
221,0.2310985797827903,0.009013282732447819,0.1531563946404807
222,0.29901056515176927,0.025505514705882353,0.15285780248152384
223,0.2733333333333333,0.040694789081885854,0.15244698495154405
224,0.27733776188042925,0.08197115384615385,0.15300091703756566
225,0.2702429149797571,0.07575757575757576,0.1537965678744719
226,0.25887445887445887,0.0661764705882353,0.15440105191582867
227,0.26136363636363635,0.0808959644576083,0.15526162112731481
228,0.26256410256410256,0.08380067296907547,0.15590485687270345
229,0.28863463005339435,0.07851473922902494,0.1559766450888218
230,0.28793983346763363,0.0872093023255814,0.1570918735326511
231,0.2958133971291866,0.10083594566353186,0.15818124590980503
232,0.293212570929725,0.07258168668474752,0.1597850268204211
233,0.2813786008230453,0.05346764819837272,0.16107248765297053
234,0.259296281487405,0.07108516483516483,0.16282091701089488
235,0.24974803467042936,0.09456264775413711,0.16445811128937826
236,0.2592184920198129,0.15613677536231885,0.16640659032045615
237,0.2691454664057404,0.17197337650656594,0.1683670025668495
238,0.17515364354697102,0.0,0.1683670025668495
239,0.17372262773722627,0.0,0.1683670025668495
240,0.1748286693318104,0.0,0.1683670025668495
241,0.29605263157894735,0.17269414073451078,0.17048097483524927
242,0.3634601832276251,0.1524671052631579,0.17286739513699242
243,0.3310633028942888,0.14277777777777778,0.17486263928245904
244,0.251754653646628,0.17480223808605055,0.17647718186462028
245,0.19787312064539786,0.0,0.17647718186462028
246,0.1863756613756614,0.0,0.17647718186462028
247,0.18474903474903476,0.0,0.17647718186462028
248,0.0,0.174937343358396,0.17647718186462028
249,0.0,0.1601113172541744,0.17647718186462028
250,0.0,0.12900921958187248,0.17647718186462028
251,0.0,0.09409531557182564,0.17647718186462028
252,0.0,0.12015086206896551,0.17647718186462028
253,0.0,0.1587200407955125,0.17647718186462028
254,0.24460188933873145,0.11145833333333334,0.1774212257906342
255,0.24253048780487804,0.07354070660522273,0.17779213082894224
256,0.23284174702212138,0.04212134439109559,0.17879053227528935
257,0.2278916060806345,0.020860495436766623,0.17965899572328714
258,0.21950315164998146,0.020691173233546113,0.18042710804461765
259,0.2039351851851852,0.04285714285714286,0.18105990034845618
260,0.0,0.15160427807486632,0.18105990034845618
261,0.0,0.13880266075388026,0.18105990034845618
262,0.0,0.12745879851143008,0.18105990034845618
263,0.0,0.12338940019041574,0.18105990034845618
264,0.0,0.11622859898721968,0.18105990034845618
265,0.0,0.113182261208577,0.18105990034845618
266,0.0,0.11312784634677579,0.18105990034845618
267,0.0,0.10648679678530425,0.18105990034845618
268,0.1588785046728972,0.09871794871794871,0.18161042052795737
269,0.19050480769230768,0.0,0.18161042052795737
270,0.0,0.14977206796518855,0.18161042052795737
271,0.0,0.14044145155256266,0.18161042052795737
272,0.0,0.13917606516290726,0.18161042052795737
273,0.0,0.1036261899571252,0.18161042052795737
274,0.0,0.0884990253411306,0.18161042052795737
275,0.0,0.13807920102194868,0.18161042052795737
276,0.16425736961451248,0.046958855098389984,0.1812604855116645
277,0.2027427146641733,0.01591695501730104,0.17986659091302823
278,0.22124183006535947,0.012711864406779662,0.17853779206492265
279,0.21532785510649002,0.0,0.17712016285247176
280,0.21034368803701256,0.0,0.17580181054177887
281,0.1978040830331103,0.0,0.174889268047738
282,0.2261904761904762,0.0,0.17418820646016442
283,0.25660377358490566,0.0,0.17373199541785087
284,0.3112687155240347,0.0,0.1735284478980089
285,0.26031102096010816,0.0,0.1728885333665736
286,0.2109375,0.0,0.17086199389328538
287,0.2036591237361579,0.0,0.16875179517554192
288,0.21593237704918034,0.0,0.16710376702208468
289,0.2234267583289265,0.0,0.16611166266575803
290,0.21893178212585934,0.0,0.16500865471224044
291,0.21999007936507936,0.0,0.16357117793447587
292,0.2275132275132275,0.0,0.16257610924658578
293,0.2498048399687744,0.0,0.1617956474967062
294,0.27446692181519955,0.0,0.16140103826885516
295,0.28553951553706874,0.0,0.16110604364625086
296,0.2579710144927536,0.0,0.160334986180284
297,0.19128540305010894,0.0,0.1580340844643214
298,0.18143790849673203,0.0,0.15552124819969151
299,0.17207792207792208,0.0,0.15267641427879852
300,0.16551890781684184,0.0,0.1500640510612568
301,0.1478394384733494,0.0,0.1472942023637181
302,0.156359649122807,0.0,0.1448037255957265
303,0.16164095371669004,0.0,0.14265830245535283
304,0.17853535353535355,0.0,0.1406119460339964
305,0.16304347826086957,0.0,0.13942745195874715
306,0.15606609325486645,0.0,0.13857076077062253
307,0.14780443639655952,0.0,0.13787799171325332
308,0.149822695035461,0.0,0.13712558198425517
309,0.15148011100832562,0.0,0.13568361557717745
310,0.15041947300011815,0.0,0.13432021016538495
311,0.1428743961352657,0.0,0.13251658916879064
